-- V2: SCRIPT DE POPULAÇÃO (DADOS)
USE mao_na_massa;

-- Tabela `Servicos` (30 registros)
INSERT INTO `Servicos` (`ID_Servico`, `Nome`, `Descricao`) VALUES
(1, 'Instalação de Tomadas e Interruptores', 'Instalação ou substituição de pontos de tomada e interruptores padrão.'),
(2, 'Troca de Disjuntor no Quadro de Luz', 'Substituição de disjuntores com defeito ou para adequação de carga.'),
(3, 'Instalação de Chuveiro Elétrico', 'Instalação completa de chuveiro elétrico, incluindo parte elétrica e hidráulica.'),
(4, 'Instalação de Ventilador de Teto', 'Montagem e instalação de ventiladores de teto com ou sem luminária.'),
(5, 'Revisão de Fiação Elétrica Residencial', 'Análise completa da fiação elétrica para identificar falhas ou sobrecargas.'),
(6, 'Reparo de Vazamento em Torneiras e Pias', 'Conserto de pinga-pinga, troca de reparos e vedação.'),
(7, 'Desentupimento de Ralos e Pias', 'Desobstrução de encanamentos de pias, ralos de banheiro e tanques.'),
(8, 'Instalação de Vaso Sanitário com Caixa Acoplada', 'Remoção do vaso antigo e instalação de um novo modelo com caixa acoplada.'),
(9, 'Troca de Sifão e Flexíveis', 'Substituição de sifões e mangueiras flexíveis de pias e lavatórios.'),
(10, 'Limpeza de Caixa d`Água Residencial', 'Higienização e limpeza de caixas d`água de até 2000 litros.'),
(11, 'Pintura de Paredes Internas (Látex)', 'Pintura de paredes com tinta látex PVA. Inclui preparação leve da superfície.'),
(12, 'Pintura de Portas e Janelas de Madeira', 'Lixamento e pintura de portas e janelas com verniz ou esmalte sintético.'),
(13, 'Aplicação de Massa Corrida', 'Correção de imperfeições em paredes com aplicação de massa corrida.'),
(14, 'Pintura de Fachada Predial (até 2 andares)', 'Pintura externa de pequenas edificações, sem necessidade de andaimes complexos.'),
(15, 'Remoção de Mofo e Infiltração', 'Tratamento de paredes com mofo e aplicação de produtos impermeabilizantes.'),
(16, 'Montagem de Móveis (Guarda-roupa, Estante)', 'Montagem profissional de móveis comprados em lojas.'),
(17, 'Instalação de Cortinas e Persianas', 'Fixação de suportes e instalação de cortinas de varão ou persianas.'),
(18, 'Instalação de Suporte para TV', 'Fixação de suporte de TV em paredes de alvenaria ou drywall.'),
(19, 'Instalação de Prateleiras e Nichos', 'Fixação de prateleiras, nichos e quadros.'),
(20, 'Instalação de Fechadura Digital', 'Instalação e configuração de fechaduras eletrônicas em portas de madeira.'),
(21, 'Corte de Grama e Manutenção de Jardim', 'Aparo de gramado, poda de plantas de pequeno porte e limpeza geral.'),
(22, 'Poda de Árvores de Pequeno Porte', 'Poda de formação ou limpeza de árvores com até 4 metros de altura.'),
(23, 'Montagem de Horta Vertical', 'Instalação de estruturas para hortas verticais em varandas ou quintais.'),
(24, 'Aplicação de Herbicida e Adubação', 'Controle de ervas daninhas e adubação para fortalecimento do jardim.'),
(25, 'Instalação de Sistema de Irrigação Simples', 'Montagem de sistemas de gotejamento ou microaspersão para jardins.'),
(26, 'Conserto de Telhado e Calhas', 'Reparo de pequenas goteiras, troca de telhas e limpeza de calhas.'),
(27, 'Aplicação de Silicone e Rejunte', 'Vedação de pias, boxes e rejuntamento de pisos e azulejos.'),
(28, 'Troca de Vidros de Janelas', 'Substituição de vidros comuns quebrados em janelas de ferro ou alumínio.'),
(29, 'Instalação de Redes de Proteção', 'Colocação de redes de proteção em janelas e sacadas.'),
(30, 'Reparo em Portão Eletrônico', 'Diagnóstico e reparo de problemas comuns em motores de portão eletrônico.');

-- Tabela `Pessoas` (40 registros)
INSERT INTO `Pessoas` (`CPF`, `Nome`, `Email`, `Senha`, `Telefone`, `CEP`, `Logradouro`, `Numero`, `URL_Foto_Perfil`, `Status_Conta`) VALUES
('11122233301', 'Alexandre Pereira da Costa Sobrinho', 'alexandre.costa.sob@example.com', 'senha_hash_123', '31988771101', '30130001', 'Avenida Afonso Pena', '1500', 'http://example.com/foto/alexandre.jpg', 'Ativo'),
('11122233302', 'Beatriz Ferreira de Souza Guimarães', 'beatriz.guimaraes.fs@example.com', 'senha_hash_123', '31988771102', '30140071', 'Rua da Bahia', '1200', 'http://example.com/foto/beatriz.jpg', 'Ativo'),
('11122233303', 'Carlos Eduardo de Oliveira Martins', 'carlos.eduardo.martins@example.com', 'senha_hash_123', '31988771103', '31270901', 'Avenida Presidente Antônio Carlos', '6627', 'http://example.com/foto/carlos.jpg', 'Ativo'),
('11122233304', 'Daniela Aparecida Gonçalves Ribeiro', 'daniela.ribeiro.goncalves@example.com', 'senha_hash_123', '31988771104', '30112021', 'Avenida do Contorno', '842', 'http://example.com/foto/daniela.jpg', 'Ativo'),
('11122233305', 'Eduardo Henrique de Almeida Lima', 'eduardo.henrique.lima.a@example.com', 'senha_hash_123', '31988771105', '30160011', 'Rua dos Timbiras', '2352', 'http://example.com/foto/eduardo.jpg', 'Ativo'),
('11122233306', 'Fernanda Cristina dos Santos Rocha', 'fernanda.cristina.rocha@example.com', 'senha_hash_123', '31988771106', '30575180', 'Avenida Professor Mário Werneck', '2550', 'http://example.com/foto/fernanda.jpg', 'Ativo'),
('11122233307', 'Gustavo de Assis Nogueira Campos', 'gustavo.nogueira.campos.a@example.com', 'senha_hash_123', '31988771107', '30310000', 'Avenida dos Bandeirantes', '1000', 'http://example.com/foto/gustavo.jpg', 'Ativo'),
('11122233308', 'Helena Isabel de Medeiros Barbosa', 'helena.isabel.medeiros.b@example.com', 'senha_hash_123', '31988771108', '30170001', 'Rua Curitiba', '950', 'http://example.com/foto/helena.jpg', 'Ativo'),
('11122233309', 'Igor Vinícius de Andrade Teixeira', 'igor.vinicius.teixeira.a@example.com', 'senha_hash_123', '31988771109', '30411126', 'Rua Platina', '500', 'http://example.com/foto/igor.jpg', 'Pendente'),
('11122233310', 'Juliana Carolina de Castro Diniz', 'juliana.carolina.diniz.c@example.com', 'senha_hash_123', '31988771110', '30190002', 'Rua dos Guajajaras', '40', 'http://example.com/foto/juliana.jpg', 'Ativo'),
('11122233311', 'Leonardo Augusto de Paula e Silva', 'leonardo.augusto.silva@example.com', 'senha_hash_123', '31988771111', '30260070', 'Avenida dos Andradas', '3000', 'http://example.com/foto/leonardo.jpg', 'Ativo'),
('11122233312', 'Mariana Luiza de Rezende Pimenta', 'mariana.luiza.pimenta.r@example.com', 'senha_hash_123', '31988771112', '30380490', 'Rua Bárbara Heliodora', '59', 'http://example.com/foto/mariana.jpg', 'Ativo'),
('11122233313', 'Nelson de Jesus Cordeiro de Sá', 'nelson.de.jesus.sa@example.com', 'senha_hash_123', '31988771113', '30640090', 'Avenida Olinto Meireles', '65', 'http://example.com/foto/nelson.jpg', 'Ativo'),
('11122233314', 'Otávio Rodrigues de Carvalho Neto', 'otavio.rodrigues.carvalho@example.com', 'senha_hash_123', '31988771114', '30710580', 'Rua Três Pontas', '819', 'http://example.com/foto/otavio.jpg', 'Ativo'),
('11122233315', 'Patrícia de Fátima Brandão Neves', 'patricia.fatima.neves.b@example.com', 'senha_hash_123', '31988771115', '31010060', 'Rua Pouso Alegre', '100', 'http://example.com/foto/patricia.jpg', 'Ativo'),
('11122233316', 'Ricardo José de Vasconcelos Lages', 'ricardo.jose.lages.v@example.com', 'senha_hash_123', '31988771116', '31140000', 'Avenida Cristiano Machado', '1500', 'http://example.com/foto/ricardo.jpg', 'Bloqueado'),
('11122233317', 'Sandra Maria de Assunção Leite', 'sandra.maria.leite.a@example.com', 'senha_hash_123', '31988771117', '31310260', 'Avenida Coronel José Dias Bicalho', '200', 'http://example.com/foto/sandra.jpg', 'Ativo'),
('11122233318', 'Thiago de Albuquerque e Resende', 'thiago.de.albuquerque@example.com', 'senha_hash_123', '31988771118', '31510000', 'Avenida Vilarinho', '1300', 'http://example.com/foto/thiago.jpg', 'Ativo'),
('11122233319', 'Vanessa da Conceição Quintão Reis', 'vanessa.da.conceicao@example.com', 'senha_hash_123', '31988771119', '31610000', 'Rua Padre Pedro Pinto', '500', 'http://example.com/foto/vanessa.jpg', 'Ativo'),
('11122233320', 'William Douglas de Mendonça Teles', 'william.douglas.teles.m@example.com', 'senha_hash_123', '31988771120', '31710000', 'Avenida Dom Pedro I', '402', 'http://example.com/foto/william.jpg', 'Ativo'),
('22233344401', 'Ana Beatriz de Azevedo e Vasconcelos', 'anabeatriz.vasconcelos.a@cliente.com', 'senha_hash_123', '31977662201', '30180100', 'Rua Alvarenga Peixoto', '1420', NULL, 'Ativo'),
('22233344402', 'Bruno César de Magalhães Drummond', 'brunocesar.drummond.m@cliente.com', 'senha_hash_123', '31977662202', '30330270', 'Rua Passa Tempo', '527', NULL, 'Ativo'),
('22233344403', 'Cláudia Regina de Abreu e Lima', 'claudiaregina.abreu.lima@cliente.com', 'senha_hash_123', '31977662203', '30494170', 'Avenida Raja Gabaglia', '1001', NULL, 'Ativo'),
('22233344404', 'Davi Luiz de Resende e Marinho', 'daviluiz.marinho.resende@cliente.com', 'senha_hash_123', '31977662204', '30150240', 'Alameda Ezequiel Dias', '275', NULL, 'Ativo'),
('22233344405', 'Elisa Gabriela de Queiroz e Mota', 'elisagabriela.mota.queiroz@cliente.com', 'senha_hash_123', '31977662205', '30240490', 'Rua Niquelina', '10', NULL, 'Ativo'),
('22233344406', 'Fábio de Assis de Castro e Melo', 'fabioassis.melo.castro@cliente.com', 'senha_hash_123', '31977662206', '30840490', 'Rua Xangrilá', '15', NULL, 'Ativo'),
('22233344407', 'Gabriela de Fátima de Sá e Frota', 'gabrielafatima.frota.sa@cliente.com', 'senha_hash_123', '31977662207', '30535460', 'Via Expressa', '2501', NULL, 'Ativo'),
('22233344408', 'Heitor Benício de Valadares e Paiva', 'heitorbenicio.paiva.valadares@cliente.com', 'senha_hash_123', '31977662208', '30350170', 'Rua da Paisagem', '220', NULL, 'Ativo'),
('22233344409', 'Isabela Cristina de Arantes e Lins', 'isabelacristina.lins.arantes@cliente.com', 'senha_hash_123', '31977662209', '31160420', 'Rua Pitangui', '2716', NULL, 'Ativo'),
('22233344410', 'João Gabriel de Gouveia e Viana', 'joaogabriel.viana.gouveia@cliente.com', 'senha_hash_123', '31977662210', '31230190', 'Rua Jaguari', '100', NULL, 'Ativo'),
('22233344411', 'Larissa Emanuele de Xaxim e Lira', 'larissaemanuele.lira.x@cliente.com', 'senha_hash_123', '31977662211', '31741330', 'Rua dos Guararanis', '25', NULL, 'Ativo'),
('22233344412', 'Miguel Ângelo de Tavares e Zico', 'miguelangelo.zico.tavares@cliente.com', 'senha_hash_123', '31977662212', '31255170', 'Rua Major Lopes', '50', NULL, 'Ativo'),
('22233344413', 'Natália de Jesus de Cintra e Freire', 'nataliadejesus.freire.c@cliente.com', 'senha_hash_123', '31977662213', '31035536', 'Avenida Silviano Brandão', '2000', NULL, 'Ativo'),
('22233344414', 'Paulo Henrique de Siqueira e Braga', 'paulohenrique.braga.s@cliente.com', 'senha_hash_123', '31977662214', '30431036', 'Rua Campos Elíseos', '300', NULL, 'Ativo'),
('22233344415', 'Raquel de Albuquerque e Vasconcelos', 'raquel.vasconcelos.a@cliente.com', 'senha_hash_123', '31977662215', '30390540', 'Rua da Montanha', '123', NULL, 'Ativo'),
('22233344416', 'Sérgio Augusto de Andrade e Quintão', 'sergioaugusto.quintao.a@cliente.com', 'senha_hash_123', '31977662216', '30810090', 'Rua Lorena', '456', NULL, 'Ativo'),
('22233344417', 'Tatiane de Oliveira e Nascimento', 'tatiane.nascimento.oliveira@cliente.com', 'senha_hash_123', '31977662217', '31910230', 'Rua São Gregório', '789', NULL, 'Ativo'),
('22233344418', 'Vitor Emanuel de Azevedo e Castelo', 'vitoremanuel.castelo.a@cliente.com', 'senha_hash_123', '31977662218', '31275000', 'Anel Rodoviário', '12345', NULL, 'Ativo'),
('22233344419', 'Yasmin de Fátima de Paiva e Rabelo', 'yasminfatima.rabelo.paiva@cliente.com', 'senha_hash_123', '31977662219', '31330330', 'Rua Líbano', '66', NULL, 'Ativo'),
('22233344420', 'Ziraldo Alves de Siqueira e Pinto', 'ziraldoalves.pinto.siqueira@cliente.com', 'senha_hash_123', '31977662220', '31560240', 'Rua Desembargador Paula Mota', '187', NULL, 'Ativo');

-- Tabela `Prestadores` (35 registros)
INSERT INTO `Prestadores` (`ID_Prestador`, `CPF_Pessoa`, `ID_Servico`, `Descricao_Propria_Servico`, `Status_Verificacao`) VALUES
(1, '11122233301', 1, 'Especialista em instalações elétricas seguras e de acordo com as normas.', 'Aprovado'),
(2, '11122233301', 2, 'Troca rápida de disjuntores para garantir a segurança do seu imóvel.', 'Aprovado'),
(3, '11122233302', 16, 'Monto qualquer tipo de móvel com agilidade e perfeição. Ferramentas próprias.', 'Aprovado'),
(4, '11122233302', 18, 'Instalação de TVs de todos os tamanhos, com segurança e alinhamento perfeito.', 'Aprovado'),
(5, '11122233303', 6, 'Solução definitiva para vazamentos. Economize água e evite dores de cabeça.', 'Aprovado'),
(6, '11122233303', 7, 'Desentupimento rápido sem sujeira, utilizando equipamentos modernos.', 'Aprovado'),
(7, '11122233303', 10, 'Deixe sua caixa d`água limpa e sua saúde em dia. Higienização completa.', 'Aprovado'),
(8, '11122233304', 11, 'Pintura de alta qualidade para renovar seus ambientes. Acabamento impecável.', 'Aprovado'),
(9, '11122233304', 13, 'Deixo suas paredes lisas e prontas para receber a pintura dos seus sonhos.', 'Aprovado'),
(10, '11122233305', 3, 'Instalação segura de chuveiros, garantindo um banho quente e sem riscos.', 'Aprovado'),
(11, '11122233305', 4, 'Instalo seu ventilador de teto de forma balanceada, sem trepidações.', 'Aprovado'),
(12, '11122233306', 21, 'Cuido do seu jardim com carinho e profissionalismo. Corte de grama e podas.', 'Aprovado'),
(13, '11122233306', 22, 'Poda técnica para a saúde e beleza de suas árvores.', 'Aprovado'),
(14, '11122233307', 26, 'Reparos em telhados para acabar com goteiras. Verificação e troca de telhas.', 'Aprovado'),
(15, '11122233307', 27, 'Renovação de rejuntes e aplicação de silicone para um acabamento perfeito.', 'Aprovado'),
(16, '11122233308', 12, 'Pintura especializada em madeira, renovando portas e janelas com qualidade.', 'Aprovado'),
(17, '11122233309', 14, 'Pintura de fachadas com segurança e profissionalismo.', 'Pendente'),
(18, '11122233310', 17, 'Instalo suas cortinas e persianas com precisão e rapidez.', 'Aprovado'),
(19, '11122233310', 19, 'Fixação de prateleiras e quadros de forma segura e alinhada.', 'Aprovado'),
(20, '11122233311', 8, 'Troca e instalação de vasos sanitários e bacias.', 'Aprovado'),
(21, '11122233311', 9, 'Substituição de sifões para acabar com mau cheiro e vazamentos.', 'Aprovado'),
(22, '11122233312', 15, 'Tratamento especializado para eliminar mofo e infiltrações da sua parede.', 'Aprovado'),
(23, '11122233313', 20, 'Modernize sua casa com fechaduras digitais. Instalação e configuração.', 'Aprovado'),
(24, '11122233313', 30, 'Conserto motores de portão de diversas marcas. Diagnóstico rápido.', 'Aprovado'),
(25, '11122233314', 28, 'Troca de vidros com segurança e rapidez.', 'Aprovado'),
(26, '11122233314', 29, 'Instalação de redes de proteção para a segurança de sua família.', 'Aprovado'),
(27, '11122233315', 23, 'Crio hortas verticais personalizadas para seu espaço.', 'Aprovado'),
(28, '11122233315', 24, 'Aplicação de adubos e defensivos para um jardim sempre saudável.', 'Aprovado'),
(29, '11122233317', 5, 'Análise completa da rede elétrica para garantir a segurança e eficiência.', 'Aprovado'),
(30, '11122233318', 25, 'Sistemas de irrigação automatizados para facilitar o cuidado com seu jardim.', 'Aprovado'),
(31, '11122233319', 11, 'Serviço de pintura interna com agilidade e limpeza.', 'Aprovado'),
(32, '11122233319', 17, 'Instalação de todo tipo de cortinas e blecautes.', 'Aprovado'),
(33, '11122233320', 1, 'Instalação de tomadas no novo padrão ABNT.', 'Aprovado'),
(34, '11122233320', 18, 'Fixação de TVs em painéis de madeira ou parede.', 'Aprovado'),
(35, '11122233312', 27, 'Especialista em acabamentos, rejunte e silicone.', 'Aprovado');

-- Tabela `Solicitacoes` (30 registros)
INSERT INTO `Solicitacoes` (`ID_Solicitacao`, `CPF_Contratante`, `ID_Prestador`, `Descricao_Problema`, `Status_Solicitacao`, `Valor_Negociado`, `Data_Criacao`, `Data_Agendamento`, `Data_Conclusao`) VALUES
(1, '22233344401', 1, 'Preciso instalar 3 tomadas novas na parede da sala.', 'Finalizada', 180.00, '2025-01-15 10:00:00', '2025-01-17 14:00:00', '2025-01-17 16:00:00'),
(2, '22233344402', 3, 'Comprei um guarda-roupa de 6 portas e preciso de montagem.', 'Finalizada', 250.00, '2025-02-10 11:30:00', '2025-02-12 09:00:00', '2025-02-12 13:00:00'),
(3, '22233344403', 6, 'A pia da minha cozinha está completamente entupida.', 'Finalizada', 150.00, '2025-03-05 08:00:00', '2025-03-05 10:00:00', '2025-03-05 11:00:00'),
(4, '22233344404', 8, 'Quero pintar as paredes do meu quarto, cor branco gelo. Tinta já comprada.', 'Finalizada', 450.00, '2025-04-20 18:00:00', '2025-04-22 09:00:00', '2025-04-22 17:00:00'),
(5, '22233344405', 10, 'Meu chuveiro queimou a resistência, mas quero trocar o aparelho todo por um novo.', 'Finalizada', 120.00, '2025-05-01 19:00:00', '2025-05-02 11:00:00', '2025-05-02 12:00:00'),
(6, '22233344406', 12, 'A grama do meu quintal está muito alta, preciso de um corte urgente.', 'Finalizada', 100.00, '2025-06-11 13:00:00', '2025-06-14 09:00:00', '2025-06-14 11:00:00'),
(7, '22233344407', 14, 'Apareceu uma goteira na minha sala, acho que tem uma telha quebrada.', 'Finalizada', 220.00, '2025-07-02 09:15:00', '2025-07-03 14:00:00', '2025-07-03 16:30:00'),
(8, '22233344408', 18, 'Preciso instalar duas persianas, uma na sala e outra no quarto.', 'Finalizada', 140.00, '2025-08-18 16:45:00', '2025-08-20 15:00:00', '2025-08-20 16:00:00'),
(9, '22233344409', 21, 'O sifão da pia do banheiro está vazando muito.', 'Finalizada', 90.00, '2025-09-03 20:00:00', '2025-09-04 10:00:00', '2025-09-04 10:30:00'),
(10, '22233344410', 23, 'O motor do meu portão parou de funcionar, só faz barulho.', 'Finalizada', 250.00, '2025-10-01 07:00:00', '2025-10-01 09:00:00', '2025-10-01 11:00:00'),
(11, '22233344411', 2, 'O disjuntor do ar condicionado está caindo toda hora.', 'Finalizada', 130.00, '2025-01-25 14:20:00', '2025-01-26 13:00:00', '2025-01-26 14:00:00'),
(12, '22233344412', 4, 'Preciso instalar minha TV de 65 polegadas na parede da sala.', 'Finalizada', 120.00, '2025-02-28 17:00:00', '2025-03-01 10:00:00', '2025-03-01 11:00:00'),
(13, '22233344413', 7, 'Preciso de uma limpeza completa na minha caixa d`água de 1000L.', 'Finalizada', 180.00, '2025-03-15 12:00:00', '2025-03-18 09:00:00', '2025-03-18 11:00:00'),
(14, '22233344414', 9, 'Uma parede do quarto está com muitas rachaduras, preciso que passe massa corrida.', 'Finalizada', 300.00, '2025-04-10 10:10:00', '2025-04-14 09:00:00', '2025-04-14 16:00:00'),
(15, '22233344415', 11, 'Instalar um ventilador de teto no quarto de casal.', 'Finalizada', 150.00, '2025-05-08 15:00:00', '2025-05-10 14:00:00', '2025-05-10 15:30:00'),
(16, '22233344416', 13, 'Preciso que pode uma pequena árvore na frente da minha casa.', 'Finalizada', 180.00, '2025-06-21 11:00:00', '2025-06-24 10:00:00', '2025-06-24 12:00:00'),
(17, '22233344417', 15, 'O rejunte do meu banheiro está velho e soltando. Preciso refazer.', 'Finalizada', 250.00, '2025-07-19 13:25:00', '2025-07-22 09:00:00', '2025-07-22 15:00:00'),
(18, '22233344418', 19, 'Colocar 5 prateleiras na parede da despensa.', 'Finalizada', 120.00, '2025-08-22 09:30:00', '2025-08-23 11:00:00', '2025-08-23 12:00:00'),
(19, '22233344419', 20, 'Comprei um vaso sanitário novo e preciso que instale no lugar do antigo.', 'Finalizada', 160.00, '2025-09-11 10:00:00', '2025-09-13 14:00:00', '2025-09-13 15:30:00'),
(20, '22233344420', 22, 'Canto da parede do quarto com mofo, preciso de tratamento e pintura.', 'Finalizada', 350.00, '2025-10-10 14:00:00', '2025-10-13 09:00:00', '2025-10-13 17:00:00'),
(21, '22233344401', 26, 'Instalar redes de proteção nas 3 janelas do meu apartamento.', 'Finalizada', 400.00, '2025-03-20 16:00:00', '2025-03-22 09:00:00', '2025-03-22 12:00:00'),
(22, '22233344403', 29, 'Preciso de uma revisão completa na fiação da minha casa, que é antiga.', 'Finalizada', 500.00, '2025-05-15 18:00:00', '2025-05-20 09:00:00', '2025-05-21 17:00:00'),
(23, '22233344405', 31, 'Quero pintar apenas o teto da sala de branco.', 'Finalizada', 200.00, '2025-07-25 10:40:00', '2025-07-28 13:00:00', '2025-07-28 17:00:00'),
(24, '22233344408', 33, 'Trocar uma tomada 110v por uma 220v para o ar condicionado.', 'Finalizada', 100.00, '2025-09-25 08:50:00', '2025-09-26 16:00:00', '2025-09-26 16:45:00'),
(25, '22233344412', 35, 'O rejunte do box está todo preto, preciso trocar por um rejunte epóxi.', 'Finalizada', 180.00, '2025-10-22 11:00:00', '2025-10-24 14:00:00', '2025-10-24 17:00:00'),
(26, '22233344415', 1, 'Lustre da sala parou de funcionar. Acho que é problema na fiação.', 'Em_Andamento', 120.00, '2025-10-28 09:00:00', '2025-10-30 14:00:00', NULL),
(27, '22233344418', 6, 'Ralo do banheiro está com retorno de água. Preciso desentupir.', 'Aceita', 140.00, '2025-10-29 11:00:00', '2025-11-01 10:00:00', NULL),
(28, '22233344402', 3, 'Montar uma estante de livros e uma mesa de computador.', 'Concluida_Prestador', 180.00, '2025-10-27 15:00:00', '2025-10-29 09:00:00', '2025-10-29 12:00:00'),
(29, '22233344407', 8, 'Preciso pintar o muro da frente da minha casa. Cor camurça.', 'Pendente', 600.00, '2025-10-30 13:30:00', NULL, NULL),
(30, '22233344410', 4, 'Comprei uma TV nova e o suporte antigo não serve. Preciso instalar o novo.', 'Cancelada', 100.00, '2025-09-15 10:00:00', '2025-09-16 14:00:00', NULL);


-- Tabela `Pagamentos` (30 registros)
INSERT INTO `Pagamentos` (`ID_Pagamento`, `ID_Solicitacao`, `Valor`, `Metodo_Pagamento`, `Status_Pagamento`, `Data_Pagamento`, `Data_Liberacao`) VALUES
(1, 1, 180.00, 'PIX', 'Liberado', '2025-01-17 16:05:00', '2025-01-19 16:05:00'),
(2, 2, 250.00, 'PIX', 'Liberado', '2025-02-12 13:10:00', '2025-02-14 13:10:00'),
(3, 3, 150.00, 'PIX', 'Liberado', '2025-03-05 11:05:00', '2025-03-07 11:05:00'),
(4, 4, 450.00, 'PIX', 'Liberado', '2025-04-22 17:15:00', '2025-04-24 17:15:00'),
(5, 5, 120.00, 'PIX', 'Liberado', '2025-05-02 12:05:00', '2025-05-04 12:05:00'),
(6, 6, 100.00, 'PIX', 'Liberado', '2025-06-14 11:10:00', '2025-06-16 11:10:00'),
(7, 7, 220.00, 'PIX', 'Liberado', '2025-07-03 16:35:00', '2025-07-05 16:35:00'),
(8, 8, 140.00, 'PIX', 'Liberado', '2025-08-20 16:05:00', '2025-08-22 16:05:00'),
(9, 9, 90.00, 'PIX', 'Liberado', '2025-09-04 10:35:00', '2025-09-06 10:35:00'),
(10, 10, 250.00, 'PIX', 'Liberado', '2025-10-01 11:10:00', '2025-10-03 11:10:00'),
(11, 11, 130.00, 'PIX', 'Liberado', '2025-01-26 14:05:00', '2025-01-28 14:05:00'),
(12, 12, 120.00, 'PIX', 'Liberado', '2025-03-01 11:05:00', '2025-03-03 11:05:00'),
(13, 13, 180.00, 'PIX', 'Liberado', '2025-03-18 11:15:00', '2025-03-20 11:15:00'),
(14, 14, 300.00, 'PIX', 'Liberado', '2025-04-14 16:10:00', '2025-04-16 16:10:00'),
(15, 15, 150.00, 'PIX', 'Liberado', '2025-05-10 15:35:00', '2025-05-12 15:35:00'),
(16, 16, 180.00, 'PIX', 'Liberado', '2025-06-24 12:05:00', '2025-06-26 12:05:00'),
(17, 17, 250.00, 'PIX', 'Liberado', '2025-07-22 15:10:00', '2025-07-24 15:10:00'),
(18, 18, 120.00, 'PIX', 'Liberado', '2025-08-23 12:05:00', '2025-08-25 12:05:00'),
(19, 19, 160.00, 'PIX', 'Liberado', '2025-09-13 15:35:00', '2025-09-15 15:35:00'),
(20, 20, 350.00, 'PIX', 'Liberado', '2025-10-13 17:05:00', '2025-10-15 17:05:00'),
(21, 21, 400.00, 'PIX', 'Liberado', '2025-03-22 12:10:00', '2025-03-24 12:10:00'),
(22, 22, 500.00, 'PIX', 'Liberado', '2025-05-21 17:05:00', '2025-05-23 17:05:00'),
(23, 23, 200.00, 'PIX', 'Liberado', '2025-07-28 17:10:00', '2025-07-30 17:10:00'),
(24, 24, 100.00, 'PIX', 'Liberado', '2025-09-26 16:50:00', '2025-09-28 16:50:00'),
(25, 25, 180.00, 'PIX', 'Liberado', '2025-10-24 17:05:00', '2025-10-26 17:05:00'),
(26, 26, 120.00, 'PIX', 'Retido', '2025-10-28 10:00:00', NULL),
(27, 27, 140.00, 'PIX', 'Pendente', NULL, NULL),
(28, 28, 180.00, 'PIX', 'Retido', '2025-10-29 13:00:00', NULL),
(29, 29, 600.00, 'PIX', 'Pendente', NULL, NULL),
(30, 30, 100.00, 'PIX', 'Reembolsado', '2025-09-15 11:00:00', '2025-09-16 11:00:00');


-- Tabela `Avaliacoes` (50 registros - 2 por solicitação finalizada)
INSERT INTO `Avaliacoes` (`ID_Avaliacao`, `ID_Solicitacao`, `CPF_Avaliador`, `CPF_Avaliado`, `Nota`, `Comentario`, `Data_Avaliacao`) VALUES
(1, 1, '22233344401', '11122233301', 5, 'Serviço excelente, muito rápido e profissional. Recomendo!', '2025-01-17 18:00:00'),
(2, 1, '11122233301', '22233344401', 5, 'Cliente muito educada e local de trabalho preparado. Ótima experiência.', '2025-01-17 18:05:00'),
(3, 2, '22233344402', '11122233302', 5, 'Montagem perfeita, o guarda-roupa ficou ótimo. Muito cuidadoso.', '2025-02-12 14:00:00'),
(4, 2, '11122233302', '22233344402', 5, 'Cliente forneceu todas as informações e o espaço estava livre. Facilitou o trabalho.', '2025-02-12 14:05:00'),
(5, 3, '22233344403', '11122233303', 5, 'Resolveu meu problema em 30 minutos. Muito eficiente!', '2025-03-05 11:30:00'),
(6, 3, '11122233303', '22233344403', 5, 'Cliente descreveu bem o problema, o que ajudou no diagnóstico rápido.', '2025-03-05 11:35:00'),
(7, 4, '22233344404', '11122233304', 4, 'A pintura ficou boa, só demorou um pouco mais que o esperado.', '2025-04-22 18:00:00'),
(8, 4, '11122233304', '22233344404', 5, 'Ótimo cliente, muito cordial.', '2025-04-22 18:05:00'),
(9, 5, '22233344405', '11122233305', 5, 'Instalação rápida e segura. Chuveiro funcionando perfeitamente.', '2025-05-02 13:00:00'),
(10, 5, '11122233305', '22233344405', 5, 'Tudo certo com a cliente.', '2025-05-02 13:05:00'),
(11, 6, '22233344406', '11122233306', 5, 'Jardim ficou impecável!', '2025-06-14 12:00:00'),
(12, 6, '11122233306', '22233344406', 4, 'Cliente demorou um pouco para liberar o acesso.', '2025-06-14 12:05:00'),
(13, 7, '22233344407', '11122233307', 5, 'Encontrou a telha quebrada e trocou na hora. Muito bom!', '2025-07-03 17:00:00'),
(14, 7, '11122233307', '22233344407', 5, 'Cliente atenciosa.', '2025-07-03 17:05:00'),
(15, 8, '22233344408', '11122233310', 4, 'Serviço bem feito, mas sujou um pouco a parede.', '2025-08-20 17:00:00'),
(16, 8, '11122233310', '22233344408', 5, 'Cliente cordial, local de fácil acesso.', '2025-08-20 17:05:00'),
(17, 9, '22233344409', '11122233311', 5, 'Rápido e eficiente, resolveu o vazamento.', '2025-09-04 11:00:00'),
(18, 9, '11122233311', '22233344409', 5, 'Cliente simpática.', '2025-09-04 11:05:00'),
(19, 10, '22233344410', '11122233313', 5, 'Meu portão está funcionando como novo! Ótimo profissional.', '2025-10-01 12:00:00'),
(20, 10, '11122233313', '22233344410', 5, 'Tudo ok.', '2025-10-01 12:05:00'),
(21, 11, '22233344411', '11122233301', 5, 'Excelente eletricista.', '2025-01-26 15:00:00'),
(22, 11, '11122233301', '22233344411', 5, 'Cliente claro na explicação do problema.', '2025-01-26 15:05:00'),
(23, 12, '22233344412', '11122233302', 5, 'TV ficou perfeitamente alinhada na parede.', '2025-03-01 11:30:00'),
(24, 12, '11122233302', '22233344412', 5, 'Cliente amigável.', '2025-03-01 11:35:00'),
(25, 13, '22233344413', '11122233303', 5, 'Serviço de limpeza de caixa d`água muito bem feito.', '2025-03-18 12:00:00'),
(26, 13, '11122233303', '22233344413', 5, 'Cliente forneceu acesso fácil ao local.', '2025-03-18 12:05:00'),
(27, 14, '22233344414', '11122233304', 5, 'Parede ficou perfeita, nem parece que tinha defeitos antes.', '2025-04-14 17:00:00'),
(28, 14, '11122233304', '22233344414', 5, 'Tudo certo.', '2025-04-14 17:05:00'),
(29, 15, '22233344415', '11122233305', 3, 'O ventilador ficou um pouco barulhento.', '2025-05-10 16:00:00'),
(30, 15, '11122233305', '22233344415', 4, 'Cliente indeciso sobre a altura da instalação.', '2025-05-10 16:05:00'),
(31, 16, '22233344416', '11122233306', 5, 'Poda realizada com segurança e toda a sujeira foi removida.', '2025-06-24 13:00:00'),
(32, 16, '11122233306', '22233344416', 5, 'Cliente educado.', '2025-06-24 13:05:00'),
(33, 17, '22233344417', '11122233307', 5, 'Meu banheiro parece novo! O rejunte fez toda a diferença.', '2025-07-22 16:00:00'),
(34, 17, '11122233307', '22233344417', 5, 'Cliente simpática e ofereceu um café. Recomendo.', '2025-07-22 16:05:00'),
(35, 18, '22233344418', '11122233310', 5, 'Serviço rápido e as prateleiras ficaram bem firmes.', '2025-08-23 12:30:00'),
(36, 18, '11122233310', '22233344418', 5, 'Tudo ok com o cliente.', '2025-08-23 12:35:00'),
(37, 19, '22233344419', '11122233311', 5, 'Profissional limpo e organizado. Deixou o banheiro impecável após a instalação.', '2025-09-13 16:00:00'),
(38, 19, '11122233311', '22233344419', 5, 'Cliente acompanhou o serviço e foi muito cordial.', '2025-09-13 16:05:00'),
(39, 20, '22233344420', '11122233312', 4, 'O serviço resolveu o mofo, mas o cheiro do produto era muito forte.', '2025-10-13 18:00:00'),
(40, 20, '11122233312', '22233344420', 5, 'Cliente compreensivo com a necessidade de ventilação do local.', '2025-10-13 18:05:00'),
(41, 21, '22233344401', '11122233314', 5, 'Instalação perfeita, as redes ficaram bem esticadas e seguras.', '2025-03-22 13:00:00'),
(42, 21, '11122233314', '22233344401', 5, 'Ótima cliente.', '2025-03-22 13:05:00'),
(43, 22, '22233344403', '11122233317', 5, 'Profissional muito competente, fez uma análise completa e me explicou tudo.', '2025-05-21 18:00:00'),
(44, 22, '11122233317', '22233344403', 5, 'Cliente interessada e fez boas perguntas. Ótima interação.', '2025-05-21 18:05:00'),
(45, 23, '22233344405', '11122233319', 5, 'A pintura do teto ficou ótima, sem nenhuma mancha.', '2025-07-28 17:30:00'),
(46, 23, '11122233319', '22233344405', 5, 'Tudo certo.', '2025-07-28 17:35:00'),
(47, 24, '22233344408', '11122233320', 5, 'Serviço rápido e resolveu o problema da tomada.', '2025-09-26 17:00:00'),
(48, 24, '11122233320', '22233344408', 5, 'Cliente pontual.', '2025-09-26 17:05:00'),
(49, 25, '22233344412', '11122233312', 5, 'Profissional caprichoso, o rejunte ficou perfeito.', '2025-10-22 17:30:00'),
(50, 25, '11122233312', '22233344412', 5, 'Cliente muito agradável.', '2025-10-22 17:35:00');

-- ====================================================================
-- 3. VERIFICAÇÃO FINAL
-- ====================================================================
SELECT 'Tabela Pessoas populada com', COUNT(*), 'registros.' FROM Pessoas
UNION ALL
SELECT 'Tabela Servicos populada com', COUNT(*), 'registros.' FROM Servicos
UNION ALL
SELECT 'Tabela Prestadores populada com', COUNT(*), 'registros.' FROM Prestadores
UNION ALL
SELECT 'Tabela Solicitacoes populada com', COUNT(*), 'registros.' FROM Solicitacoes
UNION ALL
SELECT 'Tabela Pagamentos populada com', COUNT(*), 'registros.' FROM Pagamentos
UNION ALL
SELECT 'Tabela Avaliacoes populada com', COUNT(*), 'registros.' FROM Avaliacoes;